{"cameraMode":{"drawMode":0,"name":"Shaded","section":"Shading Mode"},"sceneLighting":true,"audioPlay":false,"sceneViewState":{"m_AlwaysRefresh":false,"showFog":true,"showSkybox":true,"showFlares":true,"showImageEffects":true,"showParticleSystems":true,"showVisualEffectGraphs":true,"m_FxEnabled":true},"in2DMode":false,"pivot":{"x":-6.5903754234313969,"y":12.504619598388672,"z":29.09962272644043},"rotation":{"x":0.16837343573570252,"y":-0.5407808423042297,"z":0.11155138164758682,"w":0.8164995908737183},"size":12.12435531616211,"orthographic":false}