{"cameraMode":{"drawMode":0,"name":"Shaded","section":"Shading Mode"},"sceneLighting":true,"audioPlay":false,"sceneViewState":{"m_AlwaysRefresh":false,"showFog":true,"showSkybox":true,"showFlares":true,"showImageEffects":true,"showParticleSystems":true,"showVisualEffectGraphs":true,"m_FxEnabled":true},"in2DMode":false,"pivot":{"x":-5.651937007904053,"y":20.475242614746095,"z":-12.630325317382813},"rotation":{"x":-0.00031733993091620505,"y":-0.9910157918930054,"z":-0.0020944077987223865,"w":0.13339895009994508},"size":12.12435531616211,"orthographic":false}